% The first three columns are year, month and day. The remaining 12 columns are average windspeeds in knots at 12 locations in Ireland on that day.
% Start by using the 'loadtxt' function from numpy to read the data into an array.
0,1,1,3.71,0.79,4.71,0.17,1.42,1.04,4.63,0.75,1.54,1.08,4.21,9.54
0,1,2,4.04,0.75,6.96,nan,nan,0.54,nan,0.00,3.00,2.58,3.00,10.46
71,1,3,7.41,5.41,7.17,nan,1.79,0.21,2.50,0.33,0.71,0.13,4.83,7.12
0,1,4,17.50,18.79,14.88,3.46,13.13,7.25,7.12,8.17,6.67,5.21,11.92,10.29
71,1,5,15.21,13.50,21.92,8.08,nan,12.79,17.96,12.33,13.88,10.21,16.58,22.75
71,1,6,18.96,21.29,17.21,9.67,16.46,14.00,11.63,14.75,13.62,17.08,23.71,23.29
71,1,7,22.83,20.96,20.38,12.71,16.04,14.21,19.21,19.21,14.46,19.83,25.75,25.50
71,1,8,24.92,22.88,19.46,nan,17.00,14.33,14.62,15.87,nan,17.50,30.04,26.46
71,1,9,28.21,nan,23.58,15.00,22.00,19.67,20.30,20.88,19.79,21.04,38.20,32.91
71,1,10,17.04,22.83,14.54,7.50,22.00,16.17,17.96,14.88,15.00,12.54,26.20,19.08
0,1,11,16.62,nan,16.75,7.08,16.66,13.33,11.04,12.50,11.17,10.37,17.08,21.37
71,1,12,6.63,6.34,4.38,nan,5.17,2.13,3.88,4.33,4.08,4.92,12.17,10.75
71,1,13,14.88,14.46,11.29,4.38,10.41,7.87,6.87,8.04,7.92,5.37,11.04,9.13
71,1,14,11.04,10.88,9.50,2.92,8.75,3.96,4.17,6.25,5.66,3.58,7.71,10.79
71,1,15,7.75,7.83,5.17,0.17,6.71,2.46,2.00,3.63,1.96,1.67,6.21,8.04
0,1,16,11.12,11.25,8.04,4.08,9.46,6.92,4.33,6.50,7.12,7.21,11.34,14.25
71,1,17,18.25,11.29,17.16,11.34,12.21,10.54,12.42,8.42,10.83,13.33,13.88,17.25
71,1,18,24.87,20.17,17.88,13.54,18.54,14.29,14.46,14.83,15.75,14.42,17.21,19.55
71,1,19,13.88,11.96,11.50,6.38,13.04,8.33,15.96,7.92,10.54,10.92,15.96,23.00
0,1,20,18.08,16.38,13.92,6.54,14.00,10.29,12.62,11.79,10.25,8.83,15.54,19.55
71,1,21,19.75,14.88,15.04,5.13,9.00,4.08,5.58,3.88,5.66,3.75,7.58,13.54
71,1,22,16.88,12.83,12.46,7.04,11.92,7.96,10.00,8.87,10.50,8.54,15.09,14.50
71,1,23,12.92,14.09,10.71,5.96,14.62,9.42,13.00,12.75,11.25,13.83,22.13,22.04
71,1,24,22.29,18.54,18.66,11.12,18.29,13.42,21.17,14.54,16.29,17.67,20.08,25.04
71,1,25,18.84,17.25,13.46,7.17,14.29,9.17,11.71,8.21,10.29,10.67,11.87,15.54
71,1,26,10.50,7.67,9.25,3.50,5.91,2.92,6.13,0.67,5.63,3.13,2.75,9.29
71,1,27,13.62,12.83,7.79,4.25,9.08,2.54,5.83,0.42,4.58,1.63,4.33,7.17
71,1,28,12.29,10.67,6.79,3.42,8.04,0.50,8.38,1.67,3.29,2.88,9.13,5.83
0,1,29,7.04,6.92,6.92,3.25,4.25,1.42,7.08,2.96,6.13,4.33,9.08,13.21
71,1,30,11.67,2.83,12.71,4.21,4.17,1.29,7.04,2.75,4.42,2.79,13.17,13.92
71,1,31,19.29,14.29,25.29,10.96,10.58,7.50,13.79,10.75,nan,11.63,18.38,26.00
71,2,1,12.58,6.63,20.83,7.08,7.12,1.63,8.21,nan,4.96,3.08,4.71,12.87
71,2,2,6.29,2.75,7.12,1.42,7.08,4.00,11.67,6.92,8.33,8.21,14.92,21.34
0,2,3,11.67,1.83,7.04,4.25,6.17,2.17,10.92,nan,8.29,7.87,nan,15.29
0,2,4,7.04,1.21,10.21,3.04,nan,0.83,3.50,2.00,4.08,2.29,3.79,nan
71,2,5,10.75,6.96,9.13,3.92,6.87,nan,4.96,4.46,3.46,3.21,4.21,6.71
0,2,6,3.58,1.17,5.25,0.37,nan,0.42,2.83,nan,nan,1.96,6.38,10.08
71,2,7,2.71,2.75,3.88,0.83,1.25,nan,7.08,1.63,1.75,2.71,nan,11.34
71,2,8,9.79,9.04,8.29,2.92,9.13,5.50,6.79,7.62,6.79,9.54,15.50,17.46
71,2,9,18.66,15.87,14.58,9.33,13.75,10.21,8.67,12.67,12.58,13.96,22.37,19.62
71,2,10,11.25,1.38,12.75,6.34,4.21,4.04,5.71,3.71,6.75,7.96,6.50,12.71
71,2,11,9.25,8.08,10.37,2.79,6.46,4.92,5.00,8.87,6.87,8.79,17.12,18.54
71,2,12,25.33,22.46,22.67,15.79,24.67,18.34,21.71,18.25,20.71,nan,27.16,29.29
71,2,13,18.84,22.46,14.33,12.67,22.79,13.46,19.62,17.04,19.70,15.34,26.79,29.50
71,2,14,19.17,18.08,16.25,nan,16.71,11.58,18.50,13.37,14.50,16.33,21.62,25.37
0,2,15,12.00,11.29,7.83,4.38,9.96,4.67,9.54,5.66,7.87,8.38,9.54,22.71
71,2,16,21.79,13.00,14.42,8.25,nan,8.79,11.96,11.00,12.50,10.92,15.46,16.38
71,2,17,16.04,17.58,12.67,7.87,17.37,10.79,13.21,13.54,15.34,10.79,18.29,13.33
71,2,18,15.75,10.29,12.08,8.00,15.00,nan,11.71,7.33,12.00,7.54,9.13,12.67
71,2,19,9.21,14.83,8.67,3.21,10.58,nan,5.91,7.87,nan,5.96,14.71,14.37
0,2,20,17.25,15.67,15.16,9.29,18.05,nan,17.04,14.25,14.58,nan,22.92,23.25
0,2,21,9.75,5.83,9.54,5.41,8.87,5.13,12.08,5.04,11.08,9.50,10.34,18.05
71,2,22,9.96,12.21,6.42,3.75,8.96,5.46,6.25,5.79,6.13,6.79,16.08,14.29
71,2,23,11.96,12.04,9.62,3.29,8.83,4.12,6.58,6.83,6.54,8.17,16.46,18.54
0,2,24,8.33,10.17,5.75,2.33,6.96,1.67,3.17,2.33,2.75,nan,6.96,7.21
0,2,25,7.92,9.62,6.08,3.33,5.46,2.17,2.33,3.42,2.50,2.25,nan,8.25
0,2,26,5.54,8.58,5.37,1.71,4.50,1.00,2.54,3.92,2.58,2.13,nan,11.21
71,2,27,9.42,8.42,7.33,3.88,7.08,3.88,2.62,5.37,6.50,4.88,11.83,16.08
0,2,28,6.46,3.00,5.09,1.50,1.67,0.04,3.04,1.13,3.88,4.12,5.13,11.25
71,3,1,13.50,11.83,14.21,4.83,7.79,4.54,6.71,8.08,8.75,10.54,15.37,20.25
71,3,2,10.37,4.00,11.75,4.58,5.29,2.79,7.87,3.71,7.54,7.38,5.29,11.63
71,3,3,5.04,6.75,8.33,2.67,4.92,1.42,6.38,3.04,4.08,4.58,9.38,13.00
71,3,4,10.37,10.34,6.21,4.33,10.04,5.96,8.25,6.50,7.21,7.67,12.00,18.34
71,3,5,7.41,4.29,8.04,2.13,4.46,1.46,8.58,3.42,5.96,5.88,9.25,13.88
71,3,6,8.87,6.63,16.00,5.33,7.12,2.75,6.87,nan,5.71,2.13,5.75,7.00
71,3,7,5.33,3.50,6.34,1.50,3.46,0.33,3.42,2.54,3.75,1.75,3.29,10.67
0,3,8,6.29,nan,13.83,3.71,4.00,1.17,2.25,2.33,3.79,2.17,4.67,10.54
71,3,9,7.75,4.38,7.00,3.96,4.08,1.87,6.71,3.17,7.33,6.34,5.50,13.37
71,3,10,8.83,1.50,5.58,5.58,nan,2.67,7.00,4.71,7.58,6.46,7.46,13.46
71,3,11,7.00,4.88,6.96,3.79,8.67,4.50,8.92,7.00,10.04,8.38,nan,17.96
71,3,12,11.67,11.83,10.58,6.29,11.67,9.08,13.29,10.41,12.12,12.17,17.50,22.17
0,3,13,10.83,1.71,11.12,1.42,6.08,2.58,4.71,3.67,5.33,4.88,11.34,14.75
0,3,14,8.50,3.17,5.21,2.37,4.08,1.67,3.25,2.29,1.42,nan,7.08,nan
71,3,15,9.92,6.25,7.29,2.21,9.42,3.37,4.33,2.13,1.79,0.71,7.17,5.04
71,3,16,8.08,9.54,nan,3.58,9.50,5.91,8.21,4.29,6.96,4.25,7.62,8.12
71,3,17,16.17,14.79,11.96,7.79,14.00,9.13,11.21,nan,8.87,5.83,10.37,10.79
0,3,18,19.00,17.83,20.67,14.12,18.79,18.00,23.25,21.04,21.00,20.30,nan,33.37
71,3,19,33.04,25.41,26.75,20.46,23.50,18.46,24.25,19.21,nan,23.63,26.58,35.00
71,3,20,27.50,15.83,24.17,15.79,17.58,13.42,nan,13.59,nan,20.38,17.71,32.30
71,3,21,12.62,7.00,20.88,8.38,7.67,5.17,12.12,7.12,8.29,7.75,9.71,16.08
71,3,22,5.63,7.83,14.09,3.50,4.88,1.58,5.96,5.83,4.67,5.33,14.04,nan
71,3,23,10.63,8.83,11.25,6.13,11.79,8.71,12.21,10.34,12.75,10.96,15.00,19.79
71,3,24,16.62,15.09,15.12,8.71,nan,11.46,15.92,11.83,15.25,11.21,18.29,22.75
71,3,25,14.50,13.25,11.12,nan,13.70,9.04,14.83,10.25,15.46,11.12,15.87,nan
71,3,26,11.17,8.92,7.87,6.13,9.54,5.29,10.92,4.71,11.50,nan,7.67,20.46
0,3,27,3.96,5.83,7.46,nan,6.75,3.75,5.79,5.54,5.46,5.37,13.70,13.96
0,3,28,14.17,12.25,13.17,7.46,12.62,10.25,9.96,10.54,11.50,13.88,17.25,20.30
71,3,29,3.67,1.54,6.58,2.96,5.33,1.13,3.21,2.62,4.38,3.83,6.63,6.13
71,3,30,3.92,4.08,5.75,1.08,5.29,1.67,2.04,3.71,4.92,3.50,6.87,5.21
71,3,31,3.83,1.96,5.29,2.00,3.25,0.96,3.42,nan,3.96,3.13,6.04,4.33
71,4,1,15.96,9.42,11.79,8.54,14.37,11.54,9.29,10.63,10.92,10.63,16.79,nan
0,4,2,17.29,16.13,20.79,9.67,15.34,13.37,14.79,15.63,14.79,10.21,17.33,20.79
71,4,3,12.92,13.17,24.04,7.62,11.79,8.08,12.96,8.04,10.75,7.50,11.96,15.12
0,4,4,9.38,7.08,19.17,6.38,8.96,nan,8.25,3.54,7.12,4.33,5.17,12.25
0,4,5,7.29,2.67,5.46,3.13,4.33,0.50,1.46,1.29,3.92,nan,2.88,11.92
71,4,6,4.17,4.54,6.04,1.79,3.21,0.79,1.42,1.83,1.63,3.17,5.63,8.12
0,4,7,7.46,5.83,13.17,4.38,7.12,2.25,2.92,4.50,3.75,2.92,5.96,7.12
71,4,8,8.42,5.37,18.25,7.25,7.00,3.92,6.63,2.96,6.04,2.54,4.38,3.71
0,4,9,9.75,6.42,19.70,6.50,7.92,4.58,5.17,4.25,6.83,3.63,6.58,4.58
0,4,10,8.17,3.79,11.42,3.29,5.37,3.50,4.33,2.25,6.08,2.42,6.13,3.88
71,4,11,6.25,1.87,9.17,1.92,2.58,0.96,1.42,1.25,2.75,1.50,5.13,3.75
71,4,12,14.04,9.79,10.79,4.38,7.00,5.33,5.79,nan,8.21,5.58,9.46,7.62
71,4,13,10.79,4.12,nan,4.25,8.25,4.71,5.63,5.96,6.46,4.54,4.46,13.79
71,4,14,7.41,1.79,7.96,1.42,2.46,2.04,2.13,2.08,nan,1.38,6.67,4.50
71,4,15,6.38,1.96,8.42,2.33,6.71,3.29,2.29,3.83,3.83,3.17,7.96,8.46
71,4,16,14.79,9.21,12.12,9.17,14.33,9.71,12.00,10.08,12.75,11.87,13.88,21.84
71,4,17,11.42,7.33,11.46,5.91,13.75,9.29,13.75,10.29,12.21,11.63,17.67,22.13
0,4,18,11.04,9.00,nan,6.63,13.54,10.25,15.83,10.08,15.00,11.96,16.04,23.83
0,4,19,5.00,4.71,8.67,3.63,7.58,5.46,6.38,5.33,9.17,8.17,8.83,13.67
71,4,20,9.25,11.42,5.17,3.25,7.29,4.29,3.88,4.38,6.00,4.38,7.46,9.96
71,4,21,10.13,nan,6.42,4.21,6.46,7.58,7.50,4.42,8.17,8.79,12.21,15.67
0,4,22,13.92,9.75,6.71,nan,7.46,3.92,1.50,nan,6.75,5.33,6.67,10.88
71,4,23,18.34,9.00,15.87,9.46,9.46,7.83,11.25,6.34,14.21,12.92,5.66,15.12
71,4,24,12.25,8.33,10.54,8.17,9.92,8.08,12.62,6.75,9.17,11.21,7.67,18.66
71,4,25,12.08,13.33,11.79,5.75,15.29,7.67,8.46,12.12,10.25,8.54,14.75,nan
71,4,26,9.75,6.79,16.46,5.96,9.17,nan,11.21,10.37,9.21,7.79,13.88,14.04
0,4,27,5.46,6.87,8.17,2.92,5.41,2.50,3.83,6.58,5.83,6.54,10.88,15.92
71,4,28,5.79,1.46,5.83,0.87,3.63,1.21,2.37,2.29,4.08,2.13,3.83,8.71
71,4,29,6.42,3.79,3.71,1.63,4.08,2.33,2.75,2.33,nan,0.67,7.79,7.46
71,4,30,5.21,5.79,4.21,1.83,5.17,2.46,2.83,3.13,3.04,3.63,6.71,8.12
71,5,1,3.46,1.92,6.83,0.83,1.83,0.37,1.42,1.96,1.54,0.50,4.17,4.00
0,5,2,6.00,7.54,6.00,2.25,3.46,nan,3.50,6.25,3.71,4.21,15.67,7.54
71,5,3,12.92,15.21,nan,5.50,12.21,8.17,4.33,9.33,8.63,8.71,16.54,13.08
71,5,4,12.33,13.42,7.08,5.21,11.58,7.46,5.41,6.71,8.96,10.00,11.67,10.50
71,5,5,16.21,19.46,nan,7.83,16.50,13.13,7.21,12.38,11.96,10.46,14.33,17.83
71,5,6,14.12,16.50,10.88,5.25,11.75,6.92,6.54,8.96,nan,7.58,11.83,17.04
71,5,7,17.54,15.96,13.59,10.29,14.71,10.71,8.63,10.67,12.29,11.17,10.75,17.25
71,5,8,15.41,12.67,13.08,9.13,11.34,9.71,7.87,10.00,11.29,12.46,16.58,12.67
71,5,9,16.42,nan,14.54,9.17,12.00,nan,11.46,12.38,12.75,13.92,20.71,18.79
71,5,10,12.92,13.04,14.21,7.75,11.58,8.83,10.04,15.25,10.88,12.75,24.37,18.34
71,5,11,5.41,6.04,4.12,1.92,nan,2.83,1.63,7.41,4.33,6.67,14.71,13.67
71,5,12,10.08,nan,14.50,3.33,nan,3.33,5.17,2.37,4.96,2.29,6.71,6.75
71,5,13,17.16,6.25,13.75,4.63,5.41,6.08,7.17,8.21,10.96,7.25,8.00,14.21
71,5,14,7.87,3.29,5.33,3.58,3.37,2.62,4.42,3.37,6.00,5.09,7.21,10.75
71,5,15,20.91,12.00,13.75,9.04,11.96,8.63,11.12,9.25,12.33,11.87,16.54,21.34
71,5,16,15.92,11.00,7.21,5.71,13.33,5.75,9.46,10.34,9.67,6.38,17.33,21.84
71,5,17,12.04,8.96,8.67,5.66,9.92,5.79,7.38,7.46,9.92,9.13,13.21,13.04
0,5,18,8.87,4.58,6.71,3.92,6.21,3.04,4.25,5.17,7.71,6.04,8.00,13.50
71,5,19,8.50,3.08,5.71,2.42,3.25,1.38,1.54,2.88,3.00,2.33,6.67,11.96
71,5,20,7.96,3.46,8.33,2.54,3.21,1.00,1.21,2.71,3.04,4.33,5.54,9.46
71,5,21,6.92,6.13,8.04,2.46,4.96,3.37,3.46,8.00,4.33,4.58,13.54,9.08
71,5,22,11.83,7.33,7.62,4.71,8.25,4.21,nan,6.08,6.25,6.38,7.75,11.00
71,5,23,16.71,11.54,10.63,6.75,11.12,5.17,4.67,10.13,8.04,9.96,15.54,15.79
0,5,24,8.08,7.54,7.33,nan,4.29,2.58,2.54,5.00,5.46,4.88,12.67,16.71
71,5,25,6.04,nan,15.54,3.46,3.13,3.96,7.04,2.54,5.71,2.75,5.63,9.83
71,5,26,8.29,7.29,8.75,4.79,9.71,5.58,7.46,6.96,8.04,7.83,12.96,16.21
71,5,27,17.92,11.38,9.75,6.29,13.88,7.17,10.63,10.34,10.58,9.62,17.37,18.08
71,5,28,8.25,nan,9.25,3.92,10.67,5.33,8.50,6.58,6.83,6.83,9.29,9.29
71,5,29,7.17,6.67,9.17,4.83,6.54,4.96,6.17,6.00,6.25,7.41,11.04,13.79
0,5,30,8.87,8.46,10.13,4.17,10.04,4.63,4.88,7.58,5.50,5.75,10.71,7.50
71,5,31,5.09,4.46,5.71,1.87,3.75,1.00,4.04,1.87,2.25,1.67,2.67,5.50
71,6,1,7.17,12.25,6.04,3.54,nan,4.25,6.42,5.46,nan,5.63,6.71,8.92
71,6,2,13.46,10.58,12.29,4.75,7.04,nan,6.13,7.58,8.33,6.25,9.21,11.67
71,6,3,13.54,nan,25.50,6.04,9.75,10.00,8.63,9.67,12.04,9.00,10.92,10.46
0,6,4,12.29,2.92,23.71,5.25,7.87,8.96,9.96,7.58,10.54,7.21,9.75,10.41
71,6,5,7.17,nan,20.83,5.58,8.29,5.58,7.75,7.67,6.46,nan,11.75,10.41
71,6,6,3.96,3.25,15.12,3.83,4.67,2.67,4.71,5.33,3.29,2.08,12.04,9.25
71,6,7,4.96,3.92,12.08,3.29,nan,1.83,4.00,4.75,3.25,2.62,9.04,8.54
71,6,8,9.08,8.42,nan,3.42,10.04,4.88,4.38,nan,6.17,5.41,16.83,14.67
0,6,9,13.21,11.38,24.08,8.96,10.50,7.38,10.13,7.92,7.67,6.25,nan,12.04
71,6,10,9.38,13.37,nan,7.08,10.83,nan,8.29,8.96,7.12,6.29,14.04,14.33
71,6,11,16.33,10.92,12.29,nan,11.00,5.13,9.54,8.46,9.25,nan,12.83,16.58
0,6,12,11.04,8.17,8.29,4.79,9.71,3.67,4.50,4.88,6.21,3.50,7.12,21.12
71,6,13,10.88,8.63,9.83,3.33,7.71,3.17,3.88,5.75,4.00,4.63,11.34,15.96
0,6,14,15.25,nan,25.62,8.58,11.12,5.79,9.67,nan,8.08,8.00,17.21,19.75
71,6,15,15.00,9.59,nan,6.46,12.50,6.58,8.04,7.29,9.96,6.75,11.08,14.88
0,6,16,12.42,7.96,9.42,6.38,12.54,6.92,nan,6.96,10.46,8.25,10.54,14.88
0,6,17,7.33,6.38,8.04,4.12,7.25,4.00,6.21,3.42,5.50,6.42,6.71,11.29
71,6,18,19.12,17.21,12.50,7.00,16.17,8.63,7.96,9.29,10.08,nan,13.92,12.42
0,6,19,14.58,10.04,11.58,6.96,12.33,5.96,7.41,7.12,7.71,3.37,7.46,10.34
71,6,20,16.42,9.75,nan,9.04,14.04,8.71,11.25,8.71,11.63,8.87,12.33,13.70
71,6,21,13.54,11.29,11.75,7.21,13.21,8.58,9.83,11.29,12.12,11.71,16.08,21.62
71,6,22,7.38,4.50,6.75,2.79,5.96,2.54,6.04,1.92,5.29,5.29,4.42,10.17
71,6,23,4.79,6.71,4.63,3.08,2.79,2.08,3.83,3.88,2.88,5.13,7.33,3.88
71,6,24,8.71,10.00,12.00,3.83,9.96,5.04,5.79,9.21,7.67,7.62,14.92,10.13
71,6,25,14.29,12.87,13.21,7.33,11.38,6.21,6.71,8.58,8.92,8.33,12.50,10.71
0,6,26,14.46,12.21,11.83,8.79,16.21,10.25,12.92,nan,13.33,11.42,16.13,14.50
0,6,27,10.75,9.08,11.29,6.21,13.00,7.00,nan,8.67,10.88,8.50,15.09,16.66
71,6,28,8.54,7.75,9.54,4.96,8.38,4.54,6.75,4.71,8.00,5.63,7.17,13.33
71,6,29,3.96,7.29,8.38,3.67,5.25,3.25,3.79,nan,6.46,1.46,6.21,4.54
71,6,30,6.87,7.04,7.33,4.42,9.50,5.04,3.71,6.04,7.21,4.54,nan,9.13
71,7,1,5.46,8.12,5.33,2.67,6.42,2.96,7.29,8.67,6.21,5.96,16.75,9.33
71,7,2,5.75,10.34,6.42,4.42,10.79,4.58,3.37,6.17,5.37,7.04,15.12,10.67
71,7,3,4.79,6.34,6.29,4.42,6.42,3.33,5.17,4.12,5.13,3.04,4.33,nan
71,7,4,4.54,4.25,6.25,2.37,5.17,2.67,2.37,4.75,4.63,3.79,nan,6.92
71,7,5,8.04,4.29,6.29,2.58,4.25,1.00,nan,2.54,3.54,1.87,7.25,9.08
71,7,6,4.88,2.25,6.38,1.63,2.96,0.71,3.63,1.79,nan,0.96,nan,4.88
71,7,7,6.96,5.91,4.71,4.58,9.00,4.63,5.09,4.29,5.71,5.91,4.71,nan
71,7,8,7.96,9.13,7.62,4.46,7.92,4.17,6.54,6.00,5.79,4.21,10.25,12.08
71,7,9,9.75,7.33,18.50,5.13,7.87,3.00,6.21,nan,4.38,3.46,4.04,6.50
71,7,10,5.71,2.75,6.96,1.83,5.41,1.75,nan,4.50,4.00,4.04,11.29,13.46
71,7,11,9.17,6.17,5.13,3.96,8.38,3.79,8.29,5.63,6.79,6.67,8.87,15.16
0,7,12,6.21,11.42,22.04,7.29,9.92,6.04,9.46,7.21,7.87,7.50,10.13,12.62
71,7,13,7.00,7.67,15.16,6.54,8.17,3.67,4.83,3.83,5.91,nan,6.54,11.29
71,7,14,9.29,6.75,6.13,5.71,nan,nan,8.04,4.50,8.17,7.33,6.25,16.17
71,7,15,13.54,8.04,nan,6.92,10.63,6.50,12.67,9.21,11.83,10.75,10.29,21.67
71,7,16,7.75,7.71,13.04,6.42,8.83,4.83,8.50,6.17,7.46,7.58,7.33,15.34
71,7,17,6.34,5.83,9.79,nan,5.71,0.83,6.50,2.62,3.71,2.00,3.25,7.71
71,7,18,6.83,2.75,6.83,1.96,6.46,2.33,4.79,2.79,2.58,1.87,4.83,7.38
0,7,19,9.79,3.04,7.41,2.67,7.21,nan,7.38,4.04,5.66,4.50,5.79,8.08
71,7,20,6.25,5.04,6.34,1.17,3.92,1.21,4.58,1.87,2.17,0.92,5.29,nan
71,7,21,10.37,10.92,7.67,nan,9.83,3.08,4.50,2.08,2.71,1.33,5.83,5.29
0,7,22,9.21,7.50,nan,3.96,9.21,5.71,7.25,6.58,7.25,4.29,8.54,20.54
71,7,23,11.12,7.41,9.50,5.13,11.58,7.04,7.17,7.87,7.00,6.58,nan,24.37
0,7,24,11.58,5.66,11.00,4.04,9.29,3.96,nan,3.46,7.17,4.38,9.38,14.92
71,7,25,8.63,5.88,9.59,6.00,7.29,4.50,8.71,1.83,5.88,3.92,9.42,5.63
71,7,26,5.63,4.33,9.00,1.38,5.37,1.46,3.00,3.67,2.58,0.92,9.83,nan
0,7,27,8.42,5.25,5.66,2.79,5.04,1.79,2.92,1.75,4.42,1.21,6.13,2.88
71,7,28,7.50,12.33,6.75,4.50,nan,4.54,4.67,6.58,5.63,5.88,16.96,10.00
71,7,29,11.29,13.50,7.79,7.08,12.92,7.67,nan,8.71,8.08,8.25,18.25,10.92
71,7,30,7.38,8.87,6.71,5.00,9.92,3.17,nan,5.88,nan,5.00,8.08,9.71
71,7,31,12.38,7.58,nan,4.67,9.67,5.50,7.96,6.00,7.12,3.17,7.67,9.17
71,8,1,7.71,6.00,9.54,2.75,8.75,5.09,6.25,2.21,5.71,3.88,5.25,9.33
71,8,2,7.25,6.71,nan,5.58,8.87,5.37,7.67,nan,5.75,3.63,6.71,6.29
71,8,3,11.87,5.54,11.34,5.66,9.46,7.67,9.59,7.62,7.58,6.54,8.21,13.79
0,8,4,9.92,7.75,11.92,4.71,7.08,3.63,6.92,4.08,5.63,nan,4.83,13.46
71,8,5,5.21,5.29,8.79,2.42,5.91,4.25,nan,nan,5.75,3.83,10.17,10.25
71,8,6,11.92,nan,7.04,5.33,9.62,5.63,7.67,7.58,8.96,7.58,12.25,20.21
71,8,7,8.33,6.21,9.46,3.67,nan,4.12,7.67,4.79,6.13,4.21,9.59,9.50
71,8,8,9.25,7.21,9.92,4.71,13.50,7.12,12.25,7.17,nan,6.46,nan,14.50
71,8,9,7.41,5.41,6.50,3.71,7.54,3.46,8.17,4.88,7.00,5.17,10.21,14.50
71,8,10,15.83,8.33,12.58,7.83,10.88,4.00,7.58,4.12,7.58,4.92,8.21,8.08
71,8,11,8.46,6.92,7.92,3.37,7.71,2.46,nan,3.33,5.66,1.67,6.87,8.54
71,8,12,11.08,7.00,9.04,3.37,9.59,3.92,6.29,7.21,7.29,5.21,7.33,8.83
71,8,13,6.92,3.71,6.58,3.50,7.08,3.54,5.79,5.41,6.25,6.00,10.83,18.46
71,8,14,12.04,9.08,15.59,6.79,10.92,8.08,13.08,11.38,11.08,12.92,19.41,23.38
71,8,15,6.38,6.08,8.92,4.12,7.38,1.63,5.63,nan,6.50,8.21,9.29,13.70
0,8,16,5.29,2.92,6.13,1.46,4.38,0.46,4.50,1.33,2.00,1.42,3.96,7.50
71,8,17,11.29,3.17,17.37,3.21,6.21,3.42,4.21,3.88,3.79,1.67,6.75,5.41
71,8,18,9.92,7.29,19.92,5.71,7.41,6.21,9.42,4.33,7.46,3.79,9.13,5.13
0,8,19,7.33,5.04,16.96,4.75,7.79,3.21,5.96,2.92,4.83,1.50,5.29,2.17
0,8,20,13.50,2.46,6.67,5.50,7.17,3.83,7.08,2.67,4.58,3.88,nan,5.33
71,8,21,5.17,3.71,5.00,2.92,2.50,1.17,4.71,2.04,nan,0.79,nan,4.71
71,8,22,9.67,12.79,9.46,3.83,7.75,3.25,nan,7.71,4.46,3.58,13.88,6.75
0,8,23,9.87,7.25,8.67,3.54,9.21,3.75,3.50,7.38,nan,5.33,11.58,9.92
71,8,24,4.21,nan,7.17,1.79,3.46,nan,1.46,0.08,1.92,0.13,1.63,3.92
71,8,25,3.79,3.92,6.29,3.00,5.04,3.04,2.79,5.25,4.54,5.88,12.79,11.42
0,8,26,9.42,9.62,8.00,4.12,11.46,nan,6.46,8.83,nan,8.46,13.00,15.67
71,8,27,14.21,10.46,11.96,6.17,13.62,8.42,11.29,8.21,11.04,9.83,16.33,17.41
71,8,28,18.29,13.92,15.75,6.96,12.79,7.08,10.79,5.71,9.54,nan,11.71,16.08
71,8,29,14.62,10.96,11.63,7.67,14.46,8.79,11.04,6.21,10.67,6.00,13.17,nan
71,8,30,12.00,10.50,9.13,5.41,15.16,8.04,11.58,8.12,11.08,8.25,13.75,17.33
71,8,31,15.12,13.96,13.33,7.21,17.37,11.34,14.67,12.12,13.54,13.25,21.34,21.21
0,9,1,11.08,8.54,10.08,7.17,13.70,11.50,nan,10.29,12.75,12.83,17.33,24.87
71,9,2,12.75,9.54,13.88,5.58,11.75,8.92,12.04,9.33,9.92,8.50,14.79,17.50
71,9,3,6.38,1.46,8.67,3.04,1.83,2.25,2.83,1.38,1.25,2.83,9.62,14.62
71,9,4,2.50,3.79,3.63,1.71,2.29,0.92,4.63,1.33,3.13,3.54,6.46,13.46
71,9,5,10.08,6.71,5.09,3.37,10.17,6.21,5.04,4.12,3.92,3.21,6.63,9.42
71,9,6,11.67,11.21,6.34,5.25,10.29,8.92,6.83,nan,6.29,5.33,7.17,nan
0,9,7,10.08,8.29,7.00,4.79,nan,6.87,6.71,5.25,6.83,6.00,6.83,14.71
71,9,8,11.04,8.04,8.67,4.50,10.63,6.58,5.46,6.42,7.58,7.71,6.67,15.12
0,9,9,12.67,7.62,10.46,5.41,11.00,11.12,6.08,9.42,10.67,11.34,11.25,19.08
71,9,10,9.79,10.25,nan,4.88,12.17,9.71,8.96,9.67,10.13,11.83,13.37,19.70
0,9,11,10.46,6.50,10.17,5.17,10.54,8.21,8.21,6.71,nan,8.17,9.62,15.92
71,9,12,5.33,1.83,nan,0.87,3.71,0.92,nan,0.83,0.33,2.04,1.63,4.21
71,9,13,1.79,7.12,4.92,1.13,5.29,2.79,2.54,1.50,2.50,1.25,10.13,nan
71,9,14,3.21,5.63,3.29,0.87,3.17,2.00,4.25,1.67,nan,0.79,10.50,4.42
71,9,15,3.46,3.79,3.88,0.96,1.46,1.46,3.92,0.67,0.92,0.29,6.17,3.00
71,9,16,5.54,7.75,6.00,2.33,8.46,5.46,3.67,2.71,3.00,2.50,12.12,7.87
71,9,17,12.25,nan,8.17,5.21,11.08,7.29,7.33,4.54,5.75,5.63,13.21,11.04
0,9,18,3.46,2.75,nan,1.54,4.54,1.92,1.58,1.83,0.83,1.13,4.21,10.46
71,9,19,8.50,nan,5.09,2.25,6.00,4.04,6.96,3.33,4.38,3.13,nan,13.67
71,9,20,6.42,2.42,3.42,2.08,6.13,3.50,5.13,2.92,6.21,3.92,8.92,nan
71,9,21,2.46,1.87,2.37,1.04,3.42,2.33,2.83,2.96,3.46,2.83,nan,13.21
71,9,22,4.79,1.50,12.38,1.33,2.67,1.08,2.00,1.08,0.67,0.37,4.29,2.62
71,9,23,4.92,5.04,4.46,1.04,3.92,2.04,6.00,4.21,4.63,4.58,10.75,14.67
71,9,24,10.75,nan,18.41,2.79,7.29,6.92,6.17,4.83,6.38,2.71,8.46,10.00
0,9,25,9.83,6.83,8.00,4.21,nan,4.88,6.54,5.00,5.71,4.67,10.13,13.67
0,9,26,16.29,17.16,11.54,7.79,16.66,10.13,nan,8.38,8.42,7.21,12.54,14.88
71,9,27,10.54,3.58,9.00,4.92,8.21,5.04,8.38,3.04,6.08,3.75,4.42,nan
71,9,28,7.12,6.50,6.50,2.13,5.46,4.92,4.17,4.58,3.71,nan,12.67,12.54
71,9,29,15.50,nan,14.46,6.38,9.71,8.12,10.79,4.54,8.50,6.29,8.25,10.71
71,9,30,10.29,nan,9.21,nan,10.00,7.83,7.41,5.66,7.12,4.50,13.75,15.71
71,10,1,11.08,11.54,11.38,8.17,9.38,7.29,5.71,7.46,7.96,8.54,14.58,15.63
0,10,2,10.04,6.96,5.50,3.58,8.46,5.75,4.79,3.79,4.25,3.08,7.17,8.79
71,10,3,10.00,3.13,6.83,2.67,6.00,2.67,nan,1.04,3.08,2.71,2.21,5.71
71,10,4,6.08,10.67,4.63,nan,7.62,5.54,5.17,3.71,5.50,5.33,8.63,11.87
71,10,5,13.88,13.42,12.46,7.75,13.42,12.08,7.04,8.33,10.50,10.25,14.17,nan
71,10,6,12.75,10.83,10.92,nan,11.63,10.17,10.79,10.58,10.71,12.87,22.17,20.67
71,10,7,7.46,6.92,8.75,3.58,8.00,6.50,8.67,10.08,8.58,11.25,15.00,10.25
71,10,8,4.29,6.29,6.00,3.21,8.87,6.54,9.75,7.38,7.87,8.75,7.41,10.96
0,10,9,5.13,6.00,6.08,2.75,9.59,5.91,9.92,5.96,nan,7.38,14.42,18.79
71,10,10,17.46,16.62,15.79,nan,16.75,13.21,16.92,13.75,14.46,15.34,20.25,24.75
71,10,11,9.46,nan,9.67,4.17,10.08,6.87,8.33,4.83,8.25,5.96,14.96,19.70
71,10,12,8.25,7.67,14.71,3.79,6.96,nan,7.33,5.09,6.58,nan,10.96,19.95
71,10,13,13.59,11.87,20.67,4.58,9.21,nan,12.46,6.00,8.29,7.00,5.66,12.08
71,10,14,13.29,10.08,12.04,4.79,9.92,6.58,6.38,7.71,7.71,9.25,15.87,16.71
71,10,15,19.41,12.21,18.46,8.42,14.33,10.88,11.92,9.71,11.75,13.79,20.58,23.16
71,10,16,10.08,9.46,10.54,3.25,nan,6.42,6.42,5.50,7.17,7.58,12.54,14.50
0,10,17,22.42,19.92,18.16,11.21,19.41,14.79,17.00,12.96,15.63,14.25,21.34,22.75
0,10,18,22.46,19.21,19.00,8.54,18.21,12.29,16.62,12.21,12.87,12.58,23.29,24.87
0,10,19,17.04,17.83,14.88,9.87,17.96,11.79,17.08,10.67,13.33,13.37,nan,26.08
71,10,20,14.50,11.38,nan,4.83,12.33,8.54,14.21,4.88,9.54,nan,15.67,25.17
71,10,21,26.20,20.54,21.67,12.00,17.54,14.92,16.79,18.16,14.79,19.12,32.63,28.67
71,10,22,13.25,14.42,17.71,9.08,10.96,9.59,14.46,12.25,13.88,14.92,26.25,21.59
71,10,23,12.38,12.96,11.29,6.42,8.58,7.92,6.71,6.21,7.12,8.29,15.21,17.67
0,10,24,13.00,6.21,12.38,4.88,8.29,7.00,8.04,4.04,7.25,6.34,6.17,11.96
71,10,25,10.21,10.00,10.63,2.08,8.33,5.79,7.12,4.63,6.63,3.88,8.75,10.13
0,10,26,12.21,11.25,12.92,5.04,11.96,9.04,10.46,8.25,7.62,7.50,12.96,16.92
71,10,27,14.37,13.00,13.70,4.58,13.25,8.75,10.67,8.00,7.92,8.58,16.08,9.92
71,10,28,16.29,13.33,18.21,8.29,13.92,13.00,nan,10.79,11.12,11.63,16.08,19.70
0,10,29,9.75,8.17,7.38,3.75,10.92,7.71,7.92,nan,8.08,10.50,20.71,20.83
71,10,30,15.75,8.29,14.09,6.42,10.96,9.54,10.71,10.29,9.96,11.54,21.37,nan
71,10,31,8.63,7.87,9.29,2.92,8.83,7.00,6.21,8.21,6.21,9.08,19.17,19.55
71,11,1,14.21,10.92,13.50,6.08,9.75,10.67,9.79,10.08,9.13,12.33,20.62,21.59
71,11,2,17.00,12.21,nan,10.46,10.37,10.25,14.96,10.83,10.96,12.46,18.00,25.12
71,11,3,14.04,12.38,14.71,6.34,9.92,8.08,9.00,11.54,7.83,10.37,22.42,21.29
71,11,4,18.71,15.16,17.08,9.17,14.37,12.42,15.12,14.25,12.29,16.13,10.71,12.38
71,11,5,16.04,9.92,12.42,6.67,10.21,7.75,11.96,5.33,12.38,nan,13.29,20.96
71,11,6,15.83,12.17,12.46,6.75,11.29,7.46,9.54,7.25,9.83,10.25,15.54,22.29
71,11,7,14.33,12.83,nan,5.96,14.79,10.79,13.92,10.17,13.59,11.50,19.41,27.79
71,11,8,23.96,18.25,16.71,10.83,15.16,10.08,15.12,11.25,15.50,nan,24.30,38.04
0,11,9,17.62,11.87,20.00,6.71,9.17,6.58,nan,4.71,7.62,7.00,14.09,24.13
71,11,10,7.75,2.92,10.50,1.42,4.92,1.87,6.21,1.63,4.67,3.25,8.33,14.42
71,11,11,4.25,4.42,7.17,0.92,4.79,0.96,2.88,0.87,1.79,1.29,5.71,10.88
71,11,12,5.37,4.88,7.00,3.33,8.92,5.33,9.08,5.13,8.12,6.50,12.25,16.08
71,11,13,13.88,12.25,11.50,7.12,10.37,8.54,10.00,6.71,9.87,9.96,15.96,25.96
71,11,14,9.29,5.46,9.33,3.17,6.83,3.54,7.58,4.21,6.21,nan,9.38,18.29
71,11,15,7.54,8.17,6.46,4.58,nan,7.75,14.37,7.00,12.46,10.67,18.54,24.08
0,11,16,11.21,9.96,10.41,8.04,12.54,8.75,14.37,7.08,13.37,9.87,12.29,27.16
71,11,17,11.34,12.17,9.33,7.17,14.17,8.67,12.17,7.92,11.17,8.71,12.71,16.83
71,11,18,16.92,11.17,15.96,9.87,14.00,nan,11.63,7.21,9.59,8.83,13.42,24.83
71,11,19,12.75,6.13,15.59,6.13,nan,5.09,11.34,3.42,7.96,7.87,10.63,22.17
0,11,20,18.75,18.91,15.34,9.87,19.67,12.96,13.13,12.21,13.33,9.04,20.67,22.71
71,11,21,23.58,20.62,21.50,15.63,18.84,14.50,20.33,12.96,16.54,16.92,24.58,35.92
71,11,22,18.21,16.17,16.83,9.71,12.67,9.59,12.38,8.50,11.54,8.00,18.96,24.46
71,11,23,20.54,19.04,16.62,9.96,15.09,9.59,12.50,10.41,12.29,10.54,17.37,20.96
71,11,24,6.00,1.21,8.63,2.21,3.04,1.29,7.08,1.33,4.04,2.33,5.63,12.58
0,11,25,5.91,4.17,6.87,2.71,8.42,5.79,12.42,3.54,8.83,6.25,10.46,nan
71,11,26,7.92,6.58,5.50,3.71,9.54,5.96,9.21,6.96,9.38,7.71,16.33,17.12
71,11,27,11.63,10.13,8.83,4.50,nan,7.46,9.62,5.71,8.92,8.33,13.46,17.33
71,11,28,7.50,8.67,5.83,nan,7.17,4.67,9.04,2.17,6.46,5.13,10.75,14.21
71,11,29,11.67,10.79,12.04,nan,11.79,8.00,7.83,7.62,7.67,nan,19.75,21.37
71,11,30,16.29,16.08,nan,nan,11.34,5.79,9.08,5.83,8.08,4.21,18.79,15.29
71,12,1,13.04,10.37,9.00,3.42,8.25,5.50,8.54,3.00,7.04,4.54,10.71,14.12
71,12,2,12.50,10.29,12.96,3.46,6.17,1.96,5.13,1.46,3.58,2.17,6.04,9.87
71,12,3,3.33,7.92,6.34,0.37,5.58,4.67,7.41,5.41,5.00,4.92,14.33,18.12
71,12,4,4.08,6.67,7.12,2.08,5.09,nan,9.67,4.54,6.58,7.00,nan,16.38
71,12,5,11.50,6.79,6.08,2.46,8.58,4.08,4.96,7.04,4.33,7.62,16.75,16.71
71,12,6,5.29,4.04,4.46,1.04,4.67,2.79,5.96,3.75,3.75,5.75,10.63,18.00
71,12,7,5.46,0.42,5.09,0.50,1.63,0.46,8.33,0.04,2.17,4.08,7.54,17.79
71,12,8,4.67,0.67,5.75,0.33,2.13,1.71,8.42,1.21,4.17,4.17,10.83,16.38
0,12,9,6.96,3.75,6.17,4.67,7.58,5.41,11.12,7.08,9.71,9.71,13.88,22.95
71,12,10,7.96,6.21,7.04,5.25,8.87,6.75,11.58,7.12,11.54,9.08,15.87,20.75
71,12,11,9.13,7.71,6.67,3.37,8.17,7.17,12.29,5.63,8.79,10.75,15.29,21.00
0,12,12,16.33,12.75,13.67,6.13,10.25,9.42,10.88,10.34,9.29,12.25,21.75,20.79
71,12,13,15.79,10.83,13.92,nan,10.83,8.38,12.08,6.58,9.75,10.67,15.12,19.38
71,12,14,20.38,18.58,19.12,11.25,17.58,14.00,17.04,15.00,14.62,18.54,26.34,28.08
0,12,15,19.00,15.83,16.29,8.17,13.50,12.29,15.37,nan,13.33,15.96,26.67,29.04
0,12,16,17.00,16.96,14.46,7.12,11.83,11.17,12.29,10.75,10.79,12.75,20.96,nan
0,12,17,18.12,16.21,14.54,8.75,12.62,9.96,9.17,11.75,11.54,14.96,26.50,24.83
0,12,18,26.50,20.25,20.00,15.09,17.58,14.21,14.62,14.21,16.29,nan,28.04,26.42
71,12,19,25.00,23.54,19.70,14.58,23.91,16.71,19.33,16.96,17.08,17.46,29.20,31.42
0,12,20,21.84,21.17,20.08,10.63,20.38,16.46,21.92,17.54,nan,18.50,28.16,29.95
71,12,21,10.46,8.08,10.34,6.50,11.42,8.42,15.41,11.08,13.92,13.25,23.13,30.13
71,12,22,7.58,5.09,10.83,3.04,4.21,1.38,3.96,0.54,1.87,1.58,7.46,14.88
71,12,23,8.12,8.08,10.13,3.00,9.33,7.41,13.13,8.46,8.87,9.38,22.88,24.58
0,12,24,18.46,15.25,16.38,7.83,12.29,11.96,16.42,14.92,13.62,15.67,27.84,nan
0,12,25,22.08,15.96,15.04,10.08,14.96,12.46,11.79,11.67,12.00,14.75,nan,19.46
71,12,26,15.12,12.75,17.04,7.79,11.17,8.21,11.04,9.25,8.83,7.08,12.04,13.88
71,12,27,8.75,6.13,9.04,3.13,7.00,7.41,13.13,12.96,11.12,10.88,19.25,27.00
71,12,28,13.25,9.67,19.12,7.50,11.34,7.33,13.25,9.21,9.46,7.75,9.04,15.46
0,12,29,12.42,10.00,24.25,7.46,10.25,6.00,14.58,6.67,9.21,8.63,5.66,17.46
71,12,30,13.04,6.34,27.67,8.42,11.54,4.12,16.21,6.71,10.46,7.29,6.67,16.46
71,12,31,14.88,10.50,26.08,8.46,13.50,10.04,21.04,10.25,13.54,11.34,nan,27.33
% THE END
